{
"autoplayBgm":false,"autoplayBgs":false,"battleback1Name":"","battleback2Name":"","bgm":{"name":"","pan":0,"pitch":100,"volume":90},"bgs":{"name":"","pan":0,"pitch":100,"volume":90},"disableDashing":false,"displayName":"","encounterList":[],"encounterStep":30,"height":14,"note":"","parallaxLoopX":false,"parallaxLoopY":false,"parallaxName":"","parallaxShow":true,"parallaxSx":0,"parallaxSy":0,"scrollType":0,"specifyBattleback":false,"tilesetId":3,"width":13,
"data":[1536,1536,1536,1536,1536,1536,1536,1536,1536,1536,1536,1536,1536,1536,6835,6833,6833,6833,6833,6833,6833,6833,6833,6837,1536,1536,1536,6832,7187,7186,7186,7186,7186,7186,7186,7190,6832,1536,1536,1536,6832,7193,7192,7192,7192,7192,7192,7192,7196,6832,1536,1536,1536,6832,2946,2932,2932,2948,3234,3220,3220,3236,6832,1536,1536,1536,6832,2928,2912,2912,2936,3216,3200,3200,3224,6841,6837,1536,1536,6832,2952,2940,2940,2950,3216,3200,3200,3224,7191,6832,1536,1536,6819,6833,6833,6833,6845,3216,3200,3200,3224,7197,6832,1536,1536,6832,7187,7186,7186,7190,3216,3200,3200,3202,3236,6832,1536,1536,6832,7193,7192,7192,7196,3216,3200,3200,3200,3224,6832,1536,1536,6832,2946,2932,2932,2948,3216,3200,3200,3200,3224,6832,1536,1536,6832,2952,2940,2940,2950,3218,3228,3228,3228,3238,6832,1536,1536,6841,6833,6833,6833,6845,3244,6843,6833,6833,6833,6839,1536,1536,1536,1536,1536,1536,1536,1536,1536,1536,1536,1536,1536,1536,0,0,0,0,0,0,0,0,0,0,0,0,0,0,0,0,0,0,0,0,0,0,0,0,0,0,0,0,0,0,0,0,0,0,0,0,0,0,0,0,0,0,0,0,0,0,0,0,0,0,0,0,0,0,0,0,0,0,0,0,0,0,0,0,0,0,0,0,0,0,0,0,0,0,0,0,0,0,0,0,0,0,0,0,0,0,0,0,0,0,0,0,0,0,0,0,0,0,0,0,0,0,0,0,0,0,0,0,0,0,0,0,0,0,0,0,0,0,0,0,0,0,0,0,0,0,0,0,0,0,0,0,0,0,0,0,0,0,0,0,0,0,0,0,0,0,0,0,0,0,0,0,0,0,0,0,0,0,0,0,0,0,0,0,0,0,0,0,0,0,0,0,0,0,0,0,0,0,0,0,0,0,0,0,0,0,0,0,0,0,0,0,0,0,0,0,0,0,0,0,0,0,0,0,0,0,0,0,0,0,0,0,0,0,0,0,0,0,0,0,0,0,0,49,0,0,0,0,0,0,0,0,0,0,0,0,80,0,0,0,0,0,0,0,0,0,0,0,0,88,0,0,0,0,0,0,0,0,0,0,0,0,0,0,0,0,0,0,0,0,0,0,0,0,0,0,0,0,0,0,0,0,0,0,0,0,0,0,0,0,0,0,0,0,0,0,0,0,0,0,0,49,0,0,0,0,0,0,0,0,0,0,0,0,0,0,0,0,0,0,0,0,0,0,0,0,0,0,0,0,0,0,0,0,0,0,0,0,0,0,0,0,0,0,0,0,0,0,0,0,0,0,0,0,0,0,0,0,0,0,0,0,0,0,0,0,0,0,0,0,0,0,0,0,0,0,0,0,0,0,0,0,0,0,0,0,0,0,0,0,0,0,0,0,122,16,121,131,166,167,0,0,0,0,0,57,48,0,24,0,139,0,0,0,0,0,0,0,81,82,0,0,0,0,0,0,0,0,0,0,0,89,90,0,0,0,0,0,0,0,0,0,0,0,0,0,0,0,0,0,0,0,160,0,0,0,0,0,0,0,0,0,0,0,0,168,0,0,0,0,0,0,0,0,0,0,104,0,0,0,0,0,0,57,48,0,116,0,104,96,104,0,0,0,0,0,80,0,0,0,0,0,0,0,0,0,0,0,0,88,0,0,0,0,0,0,0,0,0,0,0,0,0,0,0,0,0,0,0,0,0,0,0,0,0,0,0,0,0,0,0,0,0,0,0,0,0,0,0,0,0,0,0,0,0,0,0,0,0,0,0,0,0,0,0,0,0,0,0,0,0,0,0,0,0,0,0,0,0,0,0,0,0,5,0,0,0,0,0,0,0,0,0,0,0,0,5,0,0,0,5,0,0,0,0,0,0,0,0,5,0,0,0,5,0,0,0,0,0,0,0,0,0,0,0,0,5,0,0,0,0,0,0,0,0,0,5,0,0,0,0,0,0,0,0,0,0,0,0,5,0,0,0,0,0,0,5,0,0,0,0,0,5,0,0,0,0,0,0,5,0,0,0,0,0,5,0,0,5,0,0,0,0,0,0,0,0,0,5,0,0,5,0,0,0,0,0,0,0,0,0,5,0,0,0,0,0,0,0,0,0,0,0,0,5,0,0,0,0,0,0,0,0,0,0,0,0,0,0,0,0,0,0,0,0,0,0,0,0,0,0,0,0,0,0,0,0,0,0,0,0,0,0,0,0,0,0,0,0,0,0,0,0,0,0,0,0,0,0,0,0,0,0,0,0,0,0,0,0,0,0,0,0,0,0,0,0,0,0,0,0,0,0,0,0,0,0,0,0,0,0,0,0,0,0,0,0,0,0,0,0,0,0,0,0,0,0,0,0,0,0,0,0,0,0,0,0,0,0,0,0,0,0,0,0,0,0,0,0,0,0,0,0,0,0,0,0,0,0,0,0,0,0,0,0,0,0,0,0,0,0,0,0,0,0,0,0,0,0,0,0,0,0,0,0,0,0,0,0,0,0,0,0,0,0,0,0,0,0,0,0,0,0,0,0,0,0,0,0,0,0,0,0,0,0,0,0,0,0,0],
"events":[
null,
{"id":1,"name":" INTRO_TE","note":"비명을 듣고 옴","pages":[{"conditions":{"actorId":1,"actorValid":false,"itemId":1,"itemValid":false,"selfSwitchCh":"A","selfSwitchValid":false,"switch1Id":2,"switch1Valid":true,"switch2Id":1,"switch2Valid":false,"variableId":1,"variableValid":false,"variableValue":0},"directionFix":false,"image":{"tileId":0,"characterName":"Actor2","direction":2,"pattern":0,"characterIndex":0},"list":[{"code":101,"indent":0,"parameters":["Actor2",0,0,2]},{"code":401,"indent":0,"parameters":["[테이슌]"]},{"code":401,"indent":0,"parameters":["...?"]},{"code":205,"indent":0,"parameters":[1,{"list":[{"code":2,"indent":null},{"code":2,"indent":null},{"code":1,"indent":null},{"code":1,"indent":null},{"code":2,"indent":null},{"code":2,"indent":null},{"code":0}],"repeat":false,"skippable":false,"wait":true}]},{"code":505,"indent":0,"parameters":[{"code":2,"indent":null}]},{"code":505,"indent":0,"parameters":[{"code":2,"indent":null}]},{"code":505,"indent":0,"parameters":[{"code":1,"indent":null}]},{"code":505,"indent":0,"parameters":[{"code":1,"indent":null}]},{"code":505,"indent":0,"parameters":[{"code":2,"indent":null}]},{"code":505,"indent":0,"parameters":[{"code":2,"indent":null}]},{"code":123,"indent":0,"parameters":["A",0]},{"code":101,"indent":0,"parameters":["Actor1",6,0,2]},{"code":401,"indent":0,"parameters":["[헬메스]"]},{"code":401,"indent":0,"parameters":["으으.."]},{"code":101,"indent":0,"parameters":["Actor2",0,0,2]},{"code":401,"indent":0,"parameters":["...또 악몽을 꾼건가."]},{"code":101,"indent":0,"parameters":["Actor1",6,0,2]},{"code":401,"indent":0,"parameters":["테이슌, 들어봐! \\."]},{"code":401,"indent":0,"parameters":["내가 방금 꿈을 꿨는데..!\\.\\.\\^"]},{"code":101,"indent":0,"parameters":["Actor2",0,0,2]},{"code":401,"indent":0,"parameters":["[테이슌]"]},{"code":401,"indent":0,"parameters":["그래, 그래,\\."]},{"code":401,"indent":0,"parameters":["네가 사우스후크의 시변런을 만나러 "]},{"code":401,"indent":0,"parameters":["그 세계로 간 것까지는 알고 있어. "]},{"code":101,"indent":0,"parameters":["Actor2",0,0,2]},{"code":401,"indent":0,"parameters":["네 반응을 보니.. \\."]},{"code":401,"indent":0,"parameters":["분명 안좋게 끝난거겠지. "]},{"code":401,"indent":0,"parameters":["당시 기억 외에는 아무 기억이 없을거고. \\|"]},{"code":401,"indent":0,"parameters":["내 말이 맞지?"]},{"code":213,"indent":0,"parameters":[-1,1,false]},{"code":101,"indent":0,"parameters":["Actor1",6,0,2]},{"code":401,"indent":0,"parameters":["(시변런? 그건 누구지?) \\.\\."]},{"code":401,"indent":0,"parameters":["(아니, 그것보다도 테이슌은 "]},{"code":401,"indent":0,"parameters":["이걸 어떻게 알고 있는거지?)"]},{"code":213,"indent":0,"parameters":[0,7,false]},{"code":101,"indent":0,"parameters":["Actor2",0,0,2]},{"code":401,"indent":0,"parameters":["그 멍청한 얼굴로 날 쳐다보지마, \\."]},{"code":401,"indent":0,"parameters":["셀 수 없을 정도로 많이 봐왔는데 "]},{"code":401,"indent":0,"parameters":["그런 반응 적응되다 못해 지겹단 말야. "]},{"code":101,"indent":0,"parameters":["Actor1",6,0,2]},{"code":401,"indent":0,"parameters":["나는.. \\.\\.어떻게 된거지?"]},{"code":101,"indent":0,"parameters":["Actor2",0,0,2]},{"code":401,"indent":0,"parameters":["...내가 이 짓거리를 하기 싫다고 하니"]},{"code":401,"indent":0,"parameters":["다음 기억을 잃을때 마지막으로 "]},{"code":401,"indent":0,"parameters":["너가 말해달라고 이전에 말했기에.. \\|"]},{"code":401,"indent":0,"parameters":["정\\. 말\\. 마지막으로 너에게 말해주겠어. "]},{"code":101,"indent":0,"parameters":["Actor2",0,0,2]},{"code":401,"indent":0,"parameters":["이건 기억이 있던 너가 말했던 얘기야. \\!"]},{"code":401,"indent":0,"parameters":["넌 다른 사람과는 다른, 어느곳을 간다고 해. "]},{"code":401,"indent":0,"parameters":["그런데 그곳에 가면 현실이 왜곡되는  "]},{"code":401,"indent":0,"parameters":["그 현상을 막기 위해 노력하고 있는중이지."]},{"code":101,"indent":0,"parameters":["Actor2",0,0,2]},{"code":401,"indent":0,"parameters":["그런데, 너의 말로는 그 지역에서 죽게되면 "]},{"code":401,"indent":0,"parameters":["현실로 돌아올 뿐, \\. 목숨을 잃지 않는다고"]},{"code":401,"indent":0,"parameters":["네가 말했었어. "]},{"code":101,"indent":0,"parameters":["Actor2",0,0,2]},{"code":401,"indent":0,"parameters":["그래서 내가 마지막으로 있었던 기억을"]},{"code":401,"indent":0,"parameters":["지속적으로 기록해주고 있는거지. \\!"]},{"code":401,"indent":0,"parameters":["자, 아까 말했듯이 이젠 "]},{"code":401,"indent":0,"parameters":["내가 설명해주는건 끝이야. "]},{"code":101,"indent":0,"parameters":["",0,0,0]},{"code":401,"indent":0,"parameters":["[테이슌의 메모장] 을 얻었다. "]},{"code":126,"indent":0,"parameters":[5,0,0,1]},{"code":101,"indent":0,"parameters":["Actor2",0,0,2]},{"code":401,"indent":0,"parameters":["내 메모장을 줄테니 필요하면 확인해둬. "]},{"code":401,"indent":0,"parameters":["정말 중요한 일일때는 시도때도 없이 "]},{"code":401,"indent":0,"parameters":["메모를 보관해달라 해서 "]},{"code":401,"indent":0,"parameters":["날 못살게 군 것도 기억이 안나겠지..."]},{"code":101,"indent":0,"parameters":["Actor1",6,0,2]},{"code":401,"indent":0,"parameters":["(그 일이 꿈이 아니였던건가?)\\.\\."]},{"code":401,"indent":0,"parameters":["(테이순의 말이 사실이라면..)"]},{"code":101,"indent":0,"parameters":["Actor1",6,0,2]},{"code":401,"indent":0,"parameters":["테이슌! 이 일은 그냥 둘 수 없어!!"]},{"code":401,"indent":0,"parameters":["네 말이 사실이라면, "]},{"code":401,"indent":0,"parameters":["모두가 이 일에 대해 알아야 한다고!!!"]},{"code":101,"indent":0,"parameters":["Actor2",0,0,2]},{"code":401,"indent":0,"parameters":["진정해, \\."]},{"code":401,"indent":0,"parameters":["일단 뭘 좀 먹고 움직이는 게 좋지 않겠어? "]},{"code":401,"indent":0,"parameters":["넌 모르겠지만 3일동안 누워있었다고."]},{"code":101,"indent":0,"parameters":["Actor2",0,0,2]},{"code":401,"indent":0,"parameters":["그리고 나라면 "]},{"code":401,"indent":0,"parameters":["그런 말을 동네에 알리지 않겠어. \\|"]},{"code":401,"indent":0,"parameters":["일단 나갔다 오라고."]},{"code":205,"indent":0,"parameters":[1,{"list":[{"code":18,"indent":null},{"code":3,"indent":null},{"code":3,"indent":null},{"code":4,"indent":null},{"code":4,"indent":null},{"code":3,"indent":null},{"code":3,"indent":null},{"code":16,"indent":null},{"code":0}],"repeat":false,"skippable":false,"wait":true}]},{"code":505,"indent":0,"parameters":[{"code":18,"indent":null}]},{"code":505,"indent":0,"parameters":[{"code":3,"indent":null}]},{"code":505,"indent":0,"parameters":[{"code":3,"indent":null}]},{"code":505,"indent":0,"parameters":[{"code":4,"indent":null}]},{"code":505,"indent":0,"parameters":[{"code":4,"indent":null}]},{"code":505,"indent":0,"parameters":[{"code":3,"indent":null}]},{"code":505,"indent":0,"parameters":[{"code":3,"indent":null}]},{"code":505,"indent":0,"parameters":[{"code":16,"indent":null}]},{"code":101,"indent":0,"parameters":["Actor1",6,0,2]},{"code":401,"indent":0,"parameters":["......"]},{"code":101,"indent":0,"parameters":["Actor1",6,0,2]},{"code":401,"indent":0,"parameters":["(테이슌의 말대로인지,)"]},{"code":401,"indent":0,"parameters":["(몸의 힘이 들어가질 않고)"]},{"code":401,"indent":0,"parameters":["(허기가 몰려온다.)"]},{"code":101,"indent":0,"parameters":["Actor1",6,0,2]},{"code":401,"indent":0,"parameters":["잠시 나갔다 오지.."]},{"code":101,"indent":0,"parameters":["Actor2",0,0,2]},{"code":401,"indent":0,"parameters":["여기가 어딘지는 알고 나가는거야?"]},{"code":213,"indent":0,"parameters":[-1,8,false]},{"code":101,"indent":0,"parameters":["Actor2",0,0,2]},{"code":401,"indent":0,"parameters":["...네가 마지막으로 가야했다고 한 "]},{"code":401,"indent":0,"parameters":["사우스후크로 가는 선착장 앞이야. \\!"]},{"code":401,"indent":0,"parameters":["다시 말하지만 잘 모르겠으면,"]},{"code":401,"indent":0,"parameters":["메모장을 보고 다니라고."]},{"code":205,"indent":0,"parameters":[-1,{"list":[{"code":18,"indent":null},{"code":14,"parameters":[1,0],"indent":null},{"code":0}],"repeat":false,"skippable":false,"wait":true}]},{"code":505,"indent":0,"parameters":[{"code":18,"indent":null}]},{"code":505,"indent":0,"parameters":[{"code":14,"parameters":[1,0],"indent":null}]},{"code":314,"indent":0,"parameters":[0,1]},{"code":0,"indent":0,"parameters":[]}],"moveFrequency":3,"moveRoute":{"list":[{"code":0,"parameters":[]}],"repeat":true,"skippable":false,"wait":false},"moveSpeed":5,"moveType":0,"priorityType":1,"stepAnime":false,"through":false,"trigger":3,"walkAnime":true},{"conditions":{"actorId":1,"actorValid":false,"itemId":1,"itemValid":false,"selfSwitchCh":"A","selfSwitchValid":true,"switch1Id":1,"switch1Valid":false,"switch2Id":1,"switch2Valid":false,"variableId":1,"variableValid":false,"variableValue":0},"directionFix":false,"image":{"tileId":0,"characterName":"Actor2","direction":2,"pattern":0,"characterIndex":0},"list":[{"code":101,"indent":0,"parameters":["Actor2",0,0,2]},{"code":401,"indent":0,"parameters":["[테이슌]"]},{"code":401,"indent":0,"parameters":["네가 다녀오면 시간이 딱 맞을 것 같군."]},{"code":401,"indent":0,"parameters":["갔다 오라고."]},{"code":0,"indent":0,"parameters":[]}],"moveFrequency":3,"moveRoute":{"list":[{"code":0,"parameters":[]}],"repeat":true,"skippable":false,"wait":false},"moveSpeed":3,"moveType":0,"priorityType":1,"stepAnime":false,"through":false,"trigger":0,"walkAnime":true},{"conditions":{"actorId":1,"actorValid":false,"itemId":1,"itemValid":false,"selfSwitchCh":"A","selfSwitchValid":false,"switch1Id":4,"switch1Valid":true,"switch2Id":1,"switch2Valid":false,"variableId":1,"variableValid":false,"variableValue":0},"directionFix":false,"image":{"characterIndex":0,"characterName":"","direction":2,"pattern":0,"tileId":0},"list":[{"code":0,"indent":0,"parameters":[]}],"moveFrequency":3,"moveRoute":{"list":[{"code":0,"parameters":[]}],"repeat":true,"skippable":false,"wait":false},"moveSpeed":3,"moveType":0,"priorityType":0,"stepAnime":false,"through":false,"trigger":0,"walkAnime":true}],"x":8,"y":8},
{"id":2,"name":"INTRO_SCR","note":"비명","pages":[{"conditions":{"actorId":1,"actorValid":false,"itemId":1,"itemValid":false,"selfSwitchCh":"A","selfSwitchValid":false,"switch1Id":1,"switch1Valid":false,"switch2Id":1,"switch2Valid":false,"variableId":1,"variableValid":false,"variableValue":0},"directionFix":false,"image":{"characterIndex":0,"characterName":"","direction":2,"pattern":0,"tileId":0},"list":[{"code":121,"indent":0,"parameters":[2,2,0]},{"code":101,"indent":0,"parameters":["Actor1",6,0,2]},{"code":401,"indent":0,"parameters":["흐억!"]},{"code":213,"indent":0,"parameters":[-1,6,false]},{"code":123,"indent":0,"parameters":["A",0]},{"code":0,"indent":0,"parameters":[]}],"moveFrequency":3,"moveRoute":{"list":[{"code":0,"parameters":[]}],"repeat":true,"skippable":false,"wait":false},"moveSpeed":3,"moveType":0,"priorityType":0,"stepAnime":false,"through":false,"trigger":3,"walkAnime":true},{"conditions":{"actorId":1,"actorValid":false,"itemId":1,"itemValid":false,"selfSwitchCh":"A","selfSwitchValid":true,"switch1Id":1,"switch1Valid":false,"switch2Id":1,"switch2Valid":false,"variableId":1,"variableValid":false,"variableValue":0},"directionFix":false,"image":{"characterIndex":0,"characterName":"","direction":2,"pattern":0,"tileId":0},"list":[{"code":0,"indent":0,"parameters":[]}],"moveFrequency":3,"moveRoute":{"list":[{"code":0,"parameters":[]}],"repeat":true,"skippable":false,"wait":false},"moveSpeed":3,"moveType":0,"priorityType":0,"stepAnime":false,"through":false,"trigger":3,"walkAnime":true}],"x":0,"y":13},
{"id":3,"name":"EV003","note":"","pages":[{"conditions":{"actorId":1,"actorValid":false,"itemId":1,"itemValid":false,"selfSwitchCh":"A","selfSwitchValid":false,"switch1Id":1,"switch1Valid":false,"switch2Id":1,"switch2Valid":false,"variableId":1,"variableValid":false,"variableValue":0},"directionFix":true,"image":{"tileId":0,"characterName":"!Flame","direction":4,"pattern":1,"characterIndex":1},"list":[{"code":0,"indent":0,"parameters":[]}],"moveFrequency":3,"moveRoute":{"list":[{"code":0,"parameters":[]}],"repeat":true,"skippable":false,"wait":false},"moveSpeed":3,"moveType":0,"priorityType":1,"stepAnime":true,"through":false,"trigger":0,"walkAnime":true}],"x":4,"y":8},
{"id":4,"name":"EV004","note":"","pages":[{"conditions":{"actorId":1,"actorValid":false,"itemId":1,"itemValid":false,"selfSwitchCh":"A","selfSwitchValid":false,"switch1Id":2,"switch1Valid":false,"switch2Id":1,"switch2Valid":false,"variableId":1,"variableValid":false,"variableValue":0},"directionFix":false,"image":{"characterIndex":0,"characterName":"","direction":2,"pattern":0,"tileId":0},"list":[{"code":211,"indent":0,"parameters":[0]},{"code":101,"indent":0,"parameters":["Actor2",0,0,2]},{"code":401,"indent":0,"parameters":["[테이슌] "]},{"code":401,"indent":0,"parameters":["......"]},{"code":101,"indent":0,"parameters":["Actor2",0,0,2]},{"code":401,"indent":0,"parameters":["기억하지 못하는건 여전하군. "]},{"code":250,"indent":0,"parameters":[{"name":"Move1","pan":0,"pitch":100,"volume":90}]},{"code":201,"indent":0,"parameters":[0,6,6,14,2,0]},{"code":211,"indent":0,"parameters":[1]},{"code":123,"indent":0,"parameters":["A",0]},{"code":121,"indent":0,"parameters":[21,21,0]},{"code":121,"indent":0,"parameters":[3,3,0]},{"code":121,"indent":0,"parameters":[61,61,0]},{"code":0,"indent":0,"parameters":[]}],"moveFrequency":3,"moveRoute":{"list":[{"code":0,"parameters":[]}],"repeat":true,"skippable":false,"wait":false},"moveSpeed":3,"moveType":0,"priorityType":0,"stepAnime":false,"through":false,"trigger":1,"walkAnime":true},{"conditions":{"actorId":1,"actorValid":false,"itemId":1,"itemValid":false,"selfSwitchCh":"A","selfSwitchValid":true,"switch1Id":1,"switch1Valid":false,"switch2Id":1,"switch2Valid":false,"variableId":1,"variableValid":false,"variableValue":0},"directionFix":false,"image":{"characterIndex":0,"characterName":"","direction":2,"pattern":0,"tileId":0},"list":[{"code":123,"indent":0,"parameters":["B",0]},{"code":0,"indent":0,"parameters":[]}],"moveFrequency":3,"moveRoute":{"list":[{"code":0,"parameters":[]}],"repeat":true,"skippable":false,"wait":false},"moveSpeed":3,"moveType":0,"priorityType":0,"stepAnime":false,"through":false,"trigger":4,"walkAnime":true},{"conditions":{"actorId":1,"actorValid":false,"itemId":1,"itemValid":false,"selfSwitchCh":"B","selfSwitchValid":true,"switch1Id":1,"switch1Valid":false,"switch2Id":1,"switch2Valid":false,"variableId":1,"variableValid":false,"variableValue":0},"directionFix":false,"image":{"characterIndex":0,"characterName":"","direction":2,"pattern":0,"tileId":0},"list":[{"code":250,"indent":0,"parameters":[{"name":"Move1","pan":0,"pitch":100,"volume":90}]},{"code":201,"indent":0,"parameters":[0,6,6,14,2,0]},{"code":0,"indent":0,"parameters":[]}],"moveFrequency":3,"moveRoute":{"list":[{"code":0,"parameters":[]}],"repeat":true,"skippable":false,"wait":false},"moveSpeed":3,"moveType":0,"priorityType":0,"stepAnime":false,"through":false,"trigger":1,"walkAnime":true}],"x":6,"y":12}
]
}