[
null,
{"id":1,"expanded":true,"name":"인트로","order":1,"parentId":0,"scrollX":1092.5,"scrollY":655.5},
{"id":2,"expanded":true,"name":"꿈속후현실","order":3,"parentId":1,"scrollX":617.5,"scrollY":649.5},
{"id":3,"expanded":false,"name":"꿈속의복도","order":2,"parentId":1,"scrollX":617.5,"scrollY":649.5},
{"id":4,"expanded":true,"name":"숙소건물V 1F","order":9,"parentId":8,"scrollX":832,"scrollY":640},
{"id":5,"expanded":true,"name":"숙소건물R 1F","order":5,"parentId":10,"scrollX":617.5,"scrollY":649.5},
{"id":6,"expanded":true,"name":"숙소건물V 2F","order":10,"parentId":4,"scrollX":617.5,"scrollY":574},
{"id":7,"expanded":true,"name":"숙소건물R 2F","order":6,"parentId":5,"scrollX":617.5,"scrollY":574},
{"id":8,"expanded":true,"name":"부산시티V","order":8,"parentId":0,"scrollX":1061.5,"scrollY":1264},
{"id":9,"expanded":false,"name":"편의점V","order":11,"parentId":8,"scrollX":679.5,"scrollY":575.5},
{"id":10,"expanded":true,"name":"부산시티R","order":4,"parentId":0,"scrollX":1084.5,"scrollY":1264.5},
{"id":11,"expanded":false,"name":"편의점R","order":7,"parentId":10,"scrollX":617.5,"scrollY":574},
{"id":12,"expanded":true,"name":"카멜리아호R","order":12,"parentId":0,"scrollX":1092.5,"scrollY":655.5},
{"id":13,"expanded":true,"name":"카멜리아호V","order":16,"parentId":0,"scrollX":1092.5,"scrollY":655.5},
{"id":14,"expanded":true,"name":"카멜리아호R 2F","order":13,"parentId":12,"scrollX":679.5,"scrollY":641.5},
{"id":15,"expanded":true,"name":"카멜리아호V 2F","order":17,"parentId":13,"scrollX":1092.5,"scrollY":655.5},
{"id":16,"expanded":false,"name":"카멜리아호R 2F 방1","order":14,"parentId":14,"scrollX":1092.5,"scrollY":655.5},
{"id":17,"expanded":false,"name":"카멜리아호V 2F 방1","order":18,"parentId":15,"scrollX":1092.5,"scrollY":655.5},
null,
{"id":19,"expanded":false,"name":"카멜리아호V 외부","order":20,"parentId":13,"scrollX":1092.5,"scrollY":655.5},
{"id":20,"expanded":true,"name":"카멜리아호R 3F","order":15,"parentId":12,"scrollX":1092.5,"scrollY":655.5},
{"id":21,"expanded":true,"name":"카멜리아호V 3F","order":19,"parentId":13,"scrollX":1092.5,"scrollY":655.5}
]